trial,timestamp_utc,stdio_list_added_ms,stdio_call_added_ms,http_call_added_ms,token_verify_ms
1,2026-09-25T21:47:43Z,0.0292,0.0116,0.0032,0.2028
2,2026-09-25T21:47:43Z,0.0756,0.0112,0.0038,0.0703
3,2026-09-25T21:47:43Z,0.0434,0.0076,0.0036,0.0417
4,2026-09-25T21:47:43Z,0.029,0.0051,0.0034,0.0305
5,2026-09-25T21:47:43Z,0.0323,0.0056,0.0035,0.0358
6,2026-09-25T21:47:43Z,0.0263,0.0053,0.0181,0.0287
7,2026-09-25T21:47:43Z,0.14,0.0645,0.0079,0.0497
8,2026-09-25T21:47:43Z,0.0666,0.2674,0.0038,0.0524
9,2026-09-25T21:47:43Z,0.0318,0.0056,0.003,0.0319
10,2026-09-25T21:47:43Z,0.0254,0.0046,0.0034,0.0269
11,2026-09-25T21:47:43Z,0.0441,0.0064,0.0035,0.032
12,2026-09-25T21:47:43Z,0.0241,0.0048,0.0036,0.0256
13,2026-09-25T21:47:43Z,0.0446,0.009,0.0076,0.0421
14,2026-09-25T21:47:43Z,0.0222,0.0047,0.0034,0.0298
15,2026-09-25T21:47:43Z,0.0373,0.0075,0.0037,0.0655
16,2026-09-25T21:47:43Z,0.0248,0.0051,0.0035,0.0252
17,2026-09-25T21:47:43Z,0.0228,0.0047,0.0034,0.023
18,2026-09-25T21:47:43Z,0.0218,0.0044,0.0034,0.0225
19,2026-09-25T21:47:43Z,0.0235,0.0051,0.0034,0.0245
20,2026-09-25T21:47:43Z,0.0314,0.0066,0.0038,0.0321
21,2026-09-25T21:47:43Z,0.0288,0.0057,0.0037,0.0296
22,2026-09-25T21:47:43Z,0.0242,0.0046,0.0034,0.0254
23,2026-09-25T21:47:43Z,0.024,0.0048,0.0034,0.0247
24,2026-09-25T21:47:43Z,0.0223,0.0045,0.0035,0.0235
25,2026-09-25T21:47:43Z,0.0219,0.0047,0.0037,0.0227
26,2026-09-25T21:47:44Z,0.0614,0.0098,0.0035,0.2694
27,2026-09-25T21:47:44Z,0.047,0.0085,0.0038,0.0486
28,2026-09-25T21:47:44Z,0.0307,0.0059,0.0034,0.0325
29,2026-09-25T21:47:44Z,0.0303,0.0057,0.0036,0.0316
30,2026-09-25T21:47:44Z,0.0257,0.0046,0.0035,0.0258
31,2026-09-25T21:47:44Z,0.0317,0.0057,0.0034,0.032
32,2026-09-25T21:47:44Z,0.0253,0.0047,0.0037,0.0265
33,2026-09-25T21:47:44Z,0.0238,0.0046,0.0035,0.0246
34,2026-09-25T21:47:44Z,0.0233,0.0047,0.0037,0.0246
35,2026-09-25T21:47:44Z,0.0228,0.0046,0.0035,0.0263
36,2026-09-25T21:47:44Z,0.0236,0.0045,0.0034,0.0318
37,2026-09-25T21:47:44Z,0.1263,0.0,0.0,0.0302
38,2026-09-25T21:47:44Z,0.0337,0.0076,0.0041,0.0354
39,2026-09-25T21:47:44Z,0.0346,0.0069,0.0039,0.0338
40,2026-09-25T21:47:44Z,0.0322,0.005,0.0033,0.0314
41,2026-09-25T21:47:44Z,0.0409,0.0079,0.0039,0.045
42,2026-09-25T21:47:44Z,0.0277,0.0051,0.0035,0.0322
43,2026-09-25T21:47:44Z,0.2664,0.0068,0.0034,0.0319
44,2026-09-25T21:47:44Z,0.028,0.0048,0.0037,0.0265
45,2026-09-25T21:47:44Z,0.1872,0.01,0.0036,0.0542
46,2026-09-25T21:47:44Z,0.0324,0.0052,0.0032,0.0309
47,2026-09-25T21:47:44Z,0.0803,0.008,0.004,0.0688
48,2026-09-25T21:47:44Z,0.0901,0.0089,0.004,0.0416
49,2026-09-25T21:47:44Z,0.0481,0.008,0.0037,0.0409
50,2026-09-25T21:47:44Z,0.0386,0.0082,0.0036,0.0622
51,2026-09-25T21:47:44Z,0.0352,0.0064,0.0037,0.0337
52,2026-09-25T21:47:44Z,0.0498,0.0081,0.0488,0.0456
53,2026-09-25T21:47:44Z,0.4743,0.0152,0.0044,0.057
54,2026-09-25T21:47:44Z,2.4744,0.0161,0.0046,0.0988
55,2026-09-25T21:47:44Z,0.0476,0.0069,0.0035,0.0416
56,2026-09-25T21:47:44Z,0.0615,0.0093,0.0038,0.0514
57,2026-09-25T21:47:44Z,0.0344,0.0052,0.0033,0.0363
58,2026-09-25T21:47:44Z,0.0363,0.0067,0.004,0.0368
59,2026-09-25T21:47:44Z,0.0297,0.0053,0.0034,0.0299
60,2026-09-25T21:47:44Z,1.4029,0.0135,0.0046,0.0667
61,2026-09-25T21:47:44Z,0.1011,0.0119,0.0045,0.0741
62,2026-09-25T21:47:44Z,0.0757,0.0114,0.0041,0.0671
63,2026-09-25T21:47:44Z,0.0444,0.0088,0.0042,0.0436
64,2026-09-25T21:47:44Z,0.0389,0.0069,0.0035,0.038
65,2026-09-25T21:47:44Z,0.033,0.0056,0.0036,0.0338
66,2026-09-25T21:47:44Z,0.0999,0.014,0.0034,0.0768
67,2026-09-25T21:47:44Z,0.0848,0.0118,0.0036,0.0584
68,2026-09-25T21:47:44Z,0.0448,0.0085,0.0039,0.0433
69,2026-09-25T21:47:44Z,0.1026,0.0264,0.0049,0.2008
70,2026-09-25T21:47:44Z,0.12,0.0144,0.0034,0.0932
71,2026-09-25T21:47:44Z,0.0631,0.0114,0.0041,0.056
72,2026-09-25T21:47:44Z,0.056,0.009,0.0039,0.0474
73,2026-09-25T21:47:44Z,0.0333,0.0055,0.0033,0.0387
74,2026-09-25T21:47:44Z,0.0718,0.0093,0.0061,0.0685
75,2026-09-25T21:47:44Z,0.0803,0.0095,0.0041,0.065
76,2026-09-25T21:47:44Z,0.0329,0.0055,0.0035,0.0328
77,2026-09-25T21:47:44Z,0.0281,0.0104,0.004,0.0303
78,2026-09-25T21:47:44Z,0.0298,0.005,0.0035,0.0309
79,2026-09-25T21:47:44Z,0.028,0.0048,0.0034,0.0268
80,2026-09-25T21:47:44Z,0.047,0.008,0.0039,0.0428
81,2026-09-25T21:47:44Z,0.0465,0.0091,0.004,0.0327
82,2026-09-25T21:47:44Z,0.0235,0.0052,0.0034,0.032
83,2026-09-25T21:47:44Z,0.0292,0.0049,0.0035,0.0288
84,2026-09-25T21:47:44Z,0.0252,0.0048,0.0032,0.0266
85,2026-09-25T21:47:44Z,0.0235,0.0047,0.0033,0.0239
86,2026-09-25T21:47:44Z,0.1874,0.0119,0.004,0.0694
87,2026-09-25T21:47:44Z,0.092,0.0111,0.0038,0.0611
88,2026-09-25T21:47:44Z,0.0583,0.0068,0.0031,0.047
89,2026-09-25T21:47:44Z,0.0618,0.0075,0.0024,0.0531
90,2026-09-25T21:47:44Z,0.0525,0.0093,0.004,0.0505
91,2026-09-25T21:47:44Z,0.0348,0.0057,0.0033,0.0362
92,2026-09-25T21:47:44Z,0.0305,0.0049,0.0034,0.0338
93,2026-09-25T21:47:44Z,0.1062,0.0101,0.0036,0.0565
94,2026-09-25T21:47:44Z,0.0454,0.0071,0.0033,0.0529
95,2026-09-25T21:47:44Z,0.0476,0.0078,0.0042,0.0427
96,2026-09-25T21:47:44Z,0.058,0.0097,0.004,0.0502
97,2026-09-25T21:47:44Z,0.3005,0.0091,0.0034,0.0836
98,2026-09-25T21:47:44Z,0.0899,0.0085,0.0035,0.0887
99,2026-09-25T21:47:44Z,0.0524,0.0059,0.0037,0.0393
100,2026-09-25T21:47:44Z,0.0628,0.0053,0.0033,0.0433
